date,daily_steps
2018-03-07,165.0
2018-03-08,2076.0
2018-03-09,2081.0
2018-03-10,3588.0
2018-03-11,820.0
2018-03-12,3068.0
2018-03-13,2855.0
2018-03-14,1678.0
2018-03-15,6133.0
2018-03-16,2427.0
2018-03-17,5468.0
2018-03-18,346.0
2018-03-19,2986.0
2018-03-20,4438.0
2018-03-21,2995.0
2018-03-22,4915.0
2018-03-23,7317.0
2018-03-24,8577.0
2018-03-25,690.0
2018-03-26,3016.0
2018-03-27,6526.0
2018-03-28,1389.0
2018-03-29,2467.0
2018-03-30,2299.0
2018-03-31,7901.0
2018-04-01,375.0
2018-04-02,5513.0
2018-04-03,760.0
2018-04-04,5163.0
2018-04-05,911.0
2018-04-06,6696.0
2018-04-07,1608.0
2018-04-08,1443.0
2018-04-09,3301.0
2018-04-10,3885.0
2018-04-11,2538.0
2018-04-12,3570.0
2018-04-13,4824.0
2018-04-14,4534.0
2018-04-15,387.0
2018-04-16,2757.0
2018-04-17,648.0
2018-04-18,2941.0
2018-04-19,2709.0
2018-04-20,1537.0
2018-04-21,5251.0
2018-04-22,839.0
2018-04-23,3758.0
2018-04-24,5283.0
2018-04-25,3152.0
2018-04-26,3753.0
2018-04-27,4775.0
2018-04-28,6136.0
2018-04-29,1180.0
2018-04-30,5335.0
2018-05-01,1017.0
2018-05-02,1793.0
2018-05-03,2829.0
2018-05-04,3317.0
2018-05-05,4314.0
2018-05-06,1033.0
2018-05-07,3095.0
2018-05-08,667.0
2018-05-09,2705.0
2018-05-10,4011.0
2018-05-11,4783.0
2018-05-12,7462.0
2018-05-13,1835.0
2018-05-14,3319.0
2018-05-15,5478.0
2018-05-16,1825.0
2018-05-17,4821.0
2018-05-18,10953.0
2018-05-19,8862.0
2018-05-20,1163.0
2018-05-21,2957.0
2018-05-22,3230.0
2018-05-23,3112.0
2018-05-24,5112.0
2018-05-25,6684.0
2018-05-26,1495.0
2018-05-27,6549.0
2018-05-28,9723.0
2018-05-29,4846.0
2018-05-30,7538.0
2018-05-31,5724.0
2018-06-01,8544.0
2018-06-02,7185.0
2018-06-03,2899.0
2018-06-04,650.0
2018-06-05,10052.0
2018-06-06,4593.0
2018-06-07,2887.0
2018-06-08,6181.0
2018-06-09,3516.0
2018-06-10,921.0
2018-06-11,551.0
2018-06-12,595.0
2018-06-13,473.0
2018-06-14,7810.0
2018-06-15,13756.0
2018-06-16,8544.0
2018-06-17,1175.0
2018-06-18,2289.0
2018-06-19,315.0
2018-06-20,2263.0
2018-06-21,4245.0
2018-06-22,1017.0
2018-06-23,3747.0
2018-06-24,817.0
2018-06-25,455.0
2018-06-26,792.0
2018-06-27,3691.0
2018-06-28,712.0
2018-06-29,4893.0
2018-06-30,778.0
2018-07-01,746.0
2018-07-02,1263.0
2018-07-03,6445.0
2018-07-04,3503.0
2018-07-05,1037.0
2018-07-06,927.0
2018-07-07,3360.0
2018-07-08,1982.0
2018-07-09,1066.0
2018-07-10,3301.0
2018-07-11,2139.0
2018-07-12,3201.0
2018-07-13,4467.0
2018-07-14,954.0
2018-07-15,2262.0
2018-07-16,1326.0
2018-07-17,1867.0
2018-07-18,1428.0
2018-07-19,1910.0
2018-07-20,3113.0
2018-07-21,3438.0
2018-07-22,693.0
2018-07-23,967.0
2018-07-24,638.0
2018-07-25,4743.0
2018-07-26,1908.0
2018-07-27,1547.0
2018-07-28,3204.0
2018-07-29,5694.0
2018-07-30,982.0
2018-07-31,1361.0
2018-08-01,770.0
2018-08-02,1362.0
2018-08-03,2480.0
2018-08-04,4711.0
2018-08-05,2043.0
2018-08-06,2223.0
2018-08-07,4521.0
2018-08-08,2032.0
2018-08-09,2038.0
2018-08-10,2578.0
2018-08-11,4683.0
2018-08-12,1487.0
2018-08-13,4562.0
2018-08-14,2405.0
2018-08-15,3658.0
2018-08-16,2962.0
2018-08-17,3863.0
2018-08-18,4382.0
2018-08-19,2192.0
2018-08-20,1490.0
2018-08-21,1012.0
2018-08-22,4526.0
2018-08-23,4799.0
2018-08-24,1522.0
2018-08-25,5298.0
2018-08-26,1828.0
2018-08-27,6456.0
2018-08-28,3529.0
2018-08-29,1263.0
2018-08-30,1643.0
2018-08-31,4032.0
2018-09-01,1025.0
2018-09-02,3005.0
2018-09-03,2836.0
2018-09-04,14425.0
2018-09-05,6200.0
2018-09-06,4902.0
2018-09-07,9151.0
2018-09-08,10488.0
2018-09-09,300.0
2018-09-10,2795.0
2018-09-11,3419.0
2018-09-12,3538.0
2018-09-13,3831.0
2018-09-14,2883.0
2018-09-15,2841.0
2018-09-16,5469.0
2018-09-17,10504.0
2018-09-18,1467.0
2018-09-19,2841.0
2018-09-20,2444.0
2018-09-21,2676.0
2018-09-22,9512.0
2018-09-23,422.0
2018-09-24,4478.0
2018-09-25,3443.0
2018-09-26,2720.0
2018-09-27,3078.0
2018-09-28,4476.0
2018-09-29,4306.0
2018-09-30,707.0
2018-10-01,6717.0
2018-10-02,3775.0
2018-10-03,2835.0
2018-10-04,3427.0
2018-10-05,4633.0
2018-10-06,6326.0
2018-10-07,11490.0
2018-10-08,4257.0
2018-10-09,3168.0
2018-10-10,2427.0
2018-10-11,1353.0
2018-10-12,3347.0
2018-10-13,1681.0
2018-10-14,374.0
2018-10-15,3571.0
2018-10-16,2762.0
2018-10-17,3433.0
2018-10-18,3109.0
2018-10-19,4934.0
2018-10-20,511.0
2018-10-21,506.0
2018-10-22,4961.0
2018-10-23,3117.0
2018-10-24,3772.0
2018-10-25,3856.0
2018-10-26,5688.0
2018-10-27,3363.0
2018-10-28,2134.0
2018-10-29,2577.0
2018-10-30,767.0
2018-10-31,5920.0
2018-11-01,3451.0
2018-11-02,4922.0
2018-11-03,807.0
2018-11-04,1738.0
2018-11-05,5097.0
2018-11-06,5003.0
2018-11-07,5054.0
2018-11-09,6371.0
2018-11-10,655.0
2018-11-11,586.0
2018-11-12,5743.0
2018-11-13,3172.0
2018-11-14,34.0
2018-11-15,3979.0
2018-11-16,9021.0
2018-11-17,374.0
2018-11-18,801.0
2018-11-19,6164.0
2018-11-20,3056.0
2018-11-21,10845.0
2018-11-23,10567.0
2018-11-25,3378.0
2018-11-26,6777.0
2018-11-27,3789.0
2018-11-28,1277.0
2018-11-29,1281.0
2018-11-30,6208.0
2018-12-01,1552.0
2018-12-02,931.0
2018-12-03,5467.0
2018-12-04,3311.0
2018-12-05,3034.0
2018-12-06,3169.0
2018-12-07,1708.0
2018-12-08,1150.0
2018-12-09,6626.0
2018-12-10,6340.0
2018-12-11,1518.0
2018-12-12,2906.0
2018-12-13,2367.0
2018-12-14,1366.0
2018-12-15,1341.0
2018-12-16,937.0
2018-12-17,3046.0
2018-12-18,3126.0
2018-12-19,2467.0
2018-12-20,3025.0
2018-12-21,2619.0
2018-12-22,1282.0
2018-12-23,899.0
2018-12-24,6534.0
2018-12-25,2572.0
2018-12-26,4176.0
2018-12-27,2626.0
2018-12-28,8384.0
2018-12-29,1104.0
2018-12-30,7284.0
2018-12-31,5095.0
2019-01-01,1032.0
2019-01-02,2097.0
2019-01-03,5251.0
2019-01-04,2404.0
2019-01-05,1638.0
2019-01-06,5557.0
2019-01-07,5220.0
2019-01-08,1365.0
2019-01-09,2493.0
2019-01-10,1743.0
2019-01-11,2324.0
2019-01-12,1536.0
2019-01-13,5234.0
2019-01-14,5313.0
2019-01-15,6956.0
2019-01-16,3979.0
2019-01-17,9187.0
2019-01-18,7314.0
2019-01-19,1572.0
2019-01-20,4959.0
2019-01-21,3967.0
2019-01-22,8059.0
2019-01-23,4532.0
2019-01-24,934.0
2019-01-25,812.0
2019-01-26,7604.0
2019-01-27,2808.0
2019-01-28,1285.0
2019-01-29,4314.0
2019-01-30,8106.0
2019-01-31,1113.0
2019-02-01,2789.0
2019-02-02,1853.0
2019-02-03,3523.0
2019-02-04,2963.0
2019-02-05,2397.0
2019-02-06,2026.0
2019-02-07,1515.0
2019-02-08,2481.0
2019-02-09,1308.0
2019-02-10,778.0
2019-02-11,3419.0
2019-02-12,1964.0
2019-02-13,1024.0
2019-02-14,2187.0
2019-02-15,3796.0
2019-02-16,1173.0
2019-02-17,829.0
2019-02-18,3787.0
2019-02-19,2268.0
2019-02-20,2620.0
2019-02-21,1278.0
2019-02-22,3125.0
2019-02-23,2387.0
2019-02-24,3323.0
2019-02-25,3178.0
2019-02-26,1262.0
2019-02-27,667.0
2019-02-28,1012.0
2019-03-01,1769.0
2019-03-02,2319.0
2019-03-03,759.0
2019-03-04,2946.0
2019-03-05,1545.0
2019-03-06,1690.0
2019-03-07,1730.0
2019-03-08,2631.0
2019-03-09,1473.0
2019-03-10,312.0
2019-03-11,4656.0
2019-03-12,1690.0
2019-03-13,3498.0
2019-03-14,1870.0
2019-03-15,3356.0
2019-03-16,1288.0
2019-03-17,2131.0
2019-03-18,3257.0
2019-03-19,1135.0
2019-03-20,1068.0
2019-03-21,3588.0
2019-03-22,1928.0
2019-03-23,3495.0
2019-03-24,1807.0
2019-03-25,4545.0
2019-03-26,1700.0
2019-03-27,2685.0
2019-03-28,3646.0
2019-03-29,2199.0
2019-03-30,6861.0
2019-03-31,11455.0
2019-04-01,5338.0
2019-04-02,11679.0
2019-04-03,6865.0
2019-04-04,7178.0
2019-04-05,5181.0
2019-04-06,2760.0
2019-04-07,1276.0
2019-04-08,4632.0
2019-04-09,1411.0
2019-04-10,1138.0
2019-04-11,2320.0
2019-04-12,2583.0
2019-04-13,2234.0
2019-04-14,416.0
2019-04-15,3517.0
2019-04-16,4484.0
2019-04-17,2146.0
2019-04-18,1812.0
2019-04-19,2497.0
2019-04-20,1645.0
2019-04-21,4221.0
2019-04-22,4743.0
2019-04-23,7104.0
2019-04-24,3860.0
2019-04-25,4277.0
2019-04-26,2604.0
2019-04-27,2686.0
2019-04-28,2991.0
2019-04-29,3357.0
2019-04-30,1426.0
2019-05-01,3760.0
2019-05-02,1439.0
2019-05-03,2393.0
2019-05-04,5439.0
2019-05-05,5783.0
2019-05-06,4069.0
2019-05-07,2755.0
2019-05-08,2424.0
2019-05-09,3703.0
2019-05-10,6692.0
2019-05-11,6001.0
2019-05-12,3822.0
2019-05-13,4703.0
2019-05-14,2402.0
2019-05-15,2948.0
2019-05-16,8971.0
2019-05-17,7135.0
2019-05-18,271.0
2019-05-19,4306.0
2019-05-20,572.0
2019-05-21,1272.0
2019-05-22,1326.0
2019-05-23,64.0
2019-05-24,4740.0
2019-05-25,504.0
2019-05-26,6957.0
2019-05-27,8204.0
2019-05-28,4319.0
2019-05-29,8633.0
2019-05-30,10824.0
2019-05-31,6672.0
2019-06-01,503.0
2019-06-02,11388.0
2019-06-03,18234.0
2019-06-04,13383.0
2019-06-05,14101.0
2019-06-06,11985.0
2019-06-07,4788.0
2019-06-08,895.0
2019-06-09,5515.0
2019-06-10,7394.0
2019-06-11,6720.0
2019-06-12,5383.0
2019-06-13,559.0
2019-06-14,10110.0
2019-06-15,1871.0
2019-06-16,7995.0
2019-06-17,7311.0
2019-06-18,9366.0
2019-06-19,1178.0
2019-06-20,6915.0
2019-06-21,795.0
2019-06-22,1614.0
2019-06-23,8211.0
2019-06-24,3853.0
2019-06-25,9796.0
2019-06-26,4998.0
2019-06-27,6112.0
2019-06-28,7995.0
2019-06-29,7415.0
2019-06-30,9073.0
2019-07-01,6454.0
2019-07-02,1676.0
2019-07-03,4565.0
2019-07-04,4188.0
2019-07-05,6095.0
2019-07-06,6691.0
2019-07-07,764.0
2019-07-08,3859.0
2019-07-09,6437.0
2019-07-10,10149.0
2019-07-11,7185.0
2019-07-12,379.0
2019-07-13,4520.0
2019-07-14,12616.0
2019-07-15,16099.0
2019-07-16,10819.0
2019-07-17,19595.0
2019-07-18,13625.0
2019-07-19,14788.0
2019-07-20,10877.0
2019-07-21,10111.0
2019-07-22,18563.0
2019-07-23,12803.0
2019-07-24,11313.0
2019-07-25,17810.0
2019-07-26,12809.0
2019-07-27,8334.0
2019-07-28,6002.0
2019-07-29,6087.0
2019-07-30,1480.0
2019-07-31,5601.0
2019-08-01,3036.0
2019-08-02,6496.0
2019-08-03,129.0
2019-08-04,770.0
2019-08-05,6101.0
2019-08-06,570.0
2019-08-07,7611.0
2019-08-08,1158.0
2019-08-09,891.0
2019-08-10,4083.0
2019-08-11,968.0
2019-08-12,5878.0
2019-08-13,1160.0
2019-08-14,21232.0
2019-08-15,21567.0
2019-08-16,12305.0
2019-08-17,23013.0
2019-08-18,7198.0
2019-08-19,872.0
2019-08-20,9428.0
2019-08-21,9772.0
2019-08-22,437.0
2019-08-23,2207.0
2019-08-24,3495.0
2019-08-25,5405.0
2019-08-26,3323.0
2019-08-27,303.0
2019-08-28,8382.0
2019-08-29,9573.0
2019-08-30,3094.0
2019-08-31,733.0
2019-09-01,602.0
2019-09-02,1548.0
2019-09-03,863.0
2019-09-04,11751.0
2019-09-05,752.0
2019-09-06,827.0
2019-09-07,3585.0
2019-09-08,174.0
2019-09-09,2941.0
2019-09-10,2182.0
2019-09-11,1480.0
2019-09-12,1667.0
2019-09-13,2214.0
2019-09-14,2316.0
2019-09-15,6143.0
2019-09-16,1679.0
2019-09-17,1579.0
2019-09-18,2154.0
2019-09-19,1399.0
2019-09-20,5328.0
2019-09-21,2820.0
2019-09-22,593.0
2019-09-23,1644.0
2019-09-24,1587.0
2019-09-25,2515.0
2019-09-26,2616.0
2019-09-27,1926.0
2019-09-28,2869.0
2019-09-29,3710.0
2019-09-30,1759.0
2019-10-01,4360.0
2019-10-02,2687.0
2019-10-03,1955.0
2019-10-04,2471.0
2019-10-05,1261.0
2019-10-06,1912.0
2019-10-07,2652.0
2019-10-08,1512.0
2019-10-09,3651.0
2019-10-10,1777.0
2019-10-11,1251.0
2019-10-12,4902.0
2019-10-13,2574.0
2019-10-14,2673.0
2019-10-15,3233.0
2019-10-16,2501.0
2019-10-17,3214.0
2019-10-18,1785.0
2019-10-19,2961.0
2019-10-20,1587.0
2019-10-21,2392.0
2019-10-22,1296.0
2019-10-23,2369.0
2019-10-24,1934.0
2019-10-25,10419.0
2019-10-26,1137.0
2019-10-27,3767.0
2019-10-28,3513.0
2019-10-29,2586.0
2019-10-30,2702.0
2019-10-31,1843.0
2019-11-01,1509.0
2019-11-02,2118.0
2019-11-03,1268.0
2019-11-04,1780.0
2019-11-05,3829.0
2019-11-06,2466.0
2019-11-07,1596.0
2019-11-08,3915.0
2019-11-09,2308.0
2019-11-10,4355.0
2019-11-11,2051.0
2019-11-12,88.0
2019-11-13,291.0
2019-11-14,1891.0
2019-11-15,2174.0
2019-11-16,2336.0
2019-11-17,6620.0
2019-11-18,1469.0
2019-11-19,3246.0
2019-11-20,848.0
2019-11-21,5206.0
2019-11-22,884.0
2019-11-23,4846.0
2019-11-24,1682.0
2019-11-25,1703.0
2019-11-26,7589.0
2019-11-27,2904.0
2019-11-28,1632.0
2019-11-29,2192.0
2019-11-30,6429.0
2019-12-01,851.0
2019-12-02,1922.0
2019-12-03,2513.0
2019-12-04,2420.0
2019-12-05,2562.0
2019-12-06,4482.0
2019-12-07,407.0
2019-12-08,2249.0
2019-12-09,1834.0
2019-12-10,2800.0
2019-12-11,2490.0
2019-12-12,1947.0
2019-12-13,1811.0
2019-12-14,2867.0
2019-12-15,2125.0
2019-12-16,1480.0
2019-12-17,1233.0
2019-12-18,3071.0
2019-12-19,2653.0
2019-12-20,5645.0
2019-12-21,2648.0
2019-12-22,6091.0
2019-12-23,1331.0
2019-12-24,2608.0
2019-12-25,2415.0
2019-12-26,3607.0
2019-12-27,7361.0
2019-12-28,2885.0
2019-12-29,1289.0
2019-12-30,3388.0
2019-12-31,3197.0
2020-01-01,771.0
2020-01-02,3100.0
2020-01-03,2750.0
2020-01-04,844.0
2020-01-05,1170.0
2020-01-06,3207.0
2020-01-07,2300.0
2020-01-08,4449.0
2020-01-09,1229.0
2020-01-10,2932.0
2020-01-11,3521.0
2020-01-12,3264.0
2020-01-13,4917.0
2020-01-14,7040.0
2020-01-15,3696.0
2020-01-16,3554.0
2020-01-17,8602.0
2020-01-18,1746.0
2020-01-19,2669.0
2020-01-20,2633.0
2020-01-21,288.0
2020-01-22,9518.0
2020-01-23,2033.0
2020-01-24,5860.0
2020-01-25,944.0
2020-01-26,331.0
2020-01-27,2309.0
2020-01-28,1133.0
2020-01-29,7281.0
2020-01-30,443.0
2020-01-31,2522.0
2020-02-01,2197.0
2020-02-02,835.0
2020-02-03,1730.0
2020-02-04,2949.0
2020-02-05,3502.0
2020-02-06,1690.0
2020-02-07,1833.0
2020-02-08,3047.0
2020-02-09,2040.0
2020-02-10,1896.0
2020-02-11,3433.0
2020-02-12,3728.0
2020-02-13,4916.0
2020-02-14,2591.0
2020-02-15,2305.0
2020-02-16,433.0
2020-02-17,2036.0
2020-02-18,1796.0
2020-02-19,4869.0
2020-02-20,1659.0
2020-02-21,5369.0
2020-02-22,6371.0
2020-02-23,1393.0
2020-02-24,2592.0
2020-03-03,505.0
2020-03-04,2911.0
2020-03-05,1928.0
2020-03-06,1952.0
2020-03-07,1076.0
2020-03-08,811.0
2020-03-09,2004.0
2020-03-10,1669.0
2020-03-11,2773.0
2020-03-12,1599.0
2020-03-13,1534.0
2020-03-14,818.0
2020-03-15,213.0
2020-03-16,1297.0
2020-03-17,499.0
2020-03-18,713.0
2020-03-19,848.0
2020-03-20,460.0
2020-03-21,704.0
2020-03-22,453.0
2020-03-23,817.0
2020-03-24,983.0
2020-03-25,547.0
2020-03-26,718.0
2020-03-27,779.0
2020-03-28,734.0
2020-03-29,222.0
2020-03-30,860.0
2020-03-31,503.0
2020-04-01,812.0
2020-04-02,259.0
2020-04-03,1597.0
2020-04-04,1270.0
2020-04-05,564.0
2020-04-06,668.0
2020-04-07,787.0
2020-04-08,568.0
2020-04-09,932.0
2020-04-10,900.0
2020-04-11,518.0
2020-04-12,1202.0
2020-04-13,717.0
2020-04-14,463.0
2020-04-15,348.0
2020-04-16,311.0
2020-04-17,1068.0
2020-04-18,449.0
2020-04-19,852.0
2020-04-20,386.0
2020-04-21,675.0
2020-04-22,914.0
2020-04-23,2020.0
2020-04-24,826.0
2020-04-25,913.0
2020-04-26,1466.0
2020-04-27,332.0
2020-04-28,621.0
2020-04-29,903.0
2020-04-30,3472.0
2020-05-01,200.0
2020-05-02,787.0
2020-05-03,269.0
2020-05-04,443.0
2020-05-05,414.0
2020-05-06,495.0
2020-05-07,1033.0
2020-05-08,308.0
2020-05-09,530.0
2020-05-10,802.0
2020-05-11,543.0
2020-05-12,778.0
2020-05-13,4387.0
2020-05-14,1395.0
2020-05-15,7117.0
2020-05-16,969.0
2020-05-17,984.0
2020-05-18,1249.0
2020-05-19,424.0
2020-05-20,497.0
2020-05-21,1202.0
2020-05-22,1732.0
2020-05-23,553.0
2020-05-24,858.0
2020-05-25,4407.0
2020-05-26,351.0
2020-05-27,3325.0
2020-05-28,771.0
2020-05-29,386.0
2020-05-30,413.0
2020-05-31,615.0
2020-06-01,351.0
2020-06-02,404.0
2020-06-03,15192.0
2020-06-04,6182.0
2020-06-05,19906.0
2020-06-06,2309.0
2020-06-07,192.0
2020-06-08,2442.0
2020-06-09,538.0
2020-06-10,6559.0
2020-06-11,1336.0
2020-06-12,637.0
2020-06-13,385.0
2020-06-14,326.0
2020-06-15,669.0
2020-06-16,1291.0
2020-06-17,2144.0
2020-06-18,586.0
2020-06-19,2616.0
2020-06-20,7609.0
2020-06-21,2013.0
2020-06-22,1424.0
2020-06-23,653.0
2020-06-24,1145.0
2020-06-25,5339.0
2020-06-26,3162.0
2020-06-27,2817.0
2020-06-28,392.0
2020-06-29,793.0
2020-06-30,508.0
2020-07-01,2717.0
2020-07-02,5300.0
2020-07-03,2048.0
2020-07-04,620.0
2020-07-05,1530.0
2020-07-06,8225.0
2020-07-07,2525.0
2020-07-08,2367.0
2020-07-09,3509.0
2020-07-10,4458.0
2020-07-11,531.0
2020-07-12,2735.0
2020-07-13,6087.0
2020-07-14,525.0
2020-07-15,408.0
2020-07-16,1708.0
2020-07-17,2580.0
2020-07-18,2243.0
2020-07-19,3862.0
2020-07-20,4941.0
2020-07-21,2160.0
2020-07-22,346.0
2020-07-23,629.0
2020-07-24,892.0
2020-07-25,4938.0
2020-07-26,284.0
2020-07-27,283.0
2020-07-28,1039.0
2020-07-29,10937.0
2020-07-30,1568.0
2020-07-31,576.0
2020-08-01,7242.0
2020-08-02,334.0
2020-08-03,428.0
2020-08-04,7710.0
2020-08-05,4380.0
2020-08-06,369.0
2020-08-07,7416.0
2020-08-08,729.0
2020-08-09,1199.0
2020-08-10,1090.0
2020-08-11,1388.0
2020-08-12,887.0
2020-08-13,2923.0
2020-08-14,32951.0
2020-08-15,1225.0
2020-08-16,14230.0
2020-08-17,5213.0
2020-08-18,4005.0
2020-08-19,1076.0
2020-08-20,1059.0
2020-08-21,1003.0
2020-08-22,1400.0
2020-08-23,400.0
2020-08-24,4019.0
2020-08-25,1101.0
2020-08-26,4651.0
2020-08-27,3775.0
2020-08-28,3004.0
2020-08-29,989.0
2020-08-30,1094.0
2020-08-31,1732.0
2020-09-01,699.0
2020-09-02,547.0
2020-09-03,6435.0
2020-09-04,893.0
2020-09-05,807.0
2020-09-06,4388.0
2020-09-07,1537.0
2020-09-08,871.0
2020-09-09,745.0
2020-09-10,1837.0
2020-09-11,3569.0
2020-09-12,1994.0
2020-09-13,291.0
2020-09-14,2894.0
2020-09-15,4459.0
2020-09-16,993.0
2020-09-17,424.0
2020-09-18,3635.0
2020-09-19,4856.0
2020-09-20,270.0
2020-09-21,628.0
2020-09-22,643.0
2020-09-23,701.0
2020-09-24,608.0
2020-09-25,725.0
2020-09-26,592.0
2020-09-27,848.0
2020-09-28,1539.0
2020-09-29,441.0
2020-09-30,1076.0
2020-10-01,519.0
2020-10-02,830.0
2020-10-03,388.0
2020-10-04,842.0
2020-10-05,984.0
2020-10-06,485.0
2020-10-07,9555.0
2020-10-08,461.0
2020-10-09,3147.0
2020-10-10,1884.0
2020-10-11,2146.0
2020-10-12,947.0
2020-10-13,1224.0
2020-10-14,7405.0
2020-10-15,2044.0
2020-10-16,737.0
2020-10-17,1867.0
2020-10-18,940.0
2020-10-19,2760.0
2020-10-20,1605.0
2020-10-21,4011.0
2020-10-22,914.0
2020-10-23,1168.0
2020-10-24,3500.0
2020-10-25,3553.0
2020-10-26,721.0
2020-10-27,10297.0
2020-10-28,7289.0
2020-10-29,4735.0
2020-10-30,675.0
2020-10-31,1011.0
2020-11-01,272.0
2020-11-02,2329.0
2020-11-03,2508.0
2020-11-04,3296.0
2020-11-05,2221.0
2020-11-06,7789.0
2020-11-07,2523.0
2020-11-08,1866.0
2020-11-09,1443.0
2020-11-10,7962.0
2020-11-11,1209.0
2020-11-12,3638.0
2020-11-13,1710.0
2020-11-14,2698.0
2020-11-15,817.0
2020-11-18,966.0
2020-11-19,909.0
2020-11-20,5027.0
2020-11-21,1447.0
2020-11-22,1569.0
2020-11-23,3261.0
2020-11-24,893.0
2020-11-25,286.0
2020-11-26,407.0
2020-11-27,1259.0
2020-11-28,988.0
2020-11-29,103.0
2020-12-07,586.0
2020-12-08,154.0
2020-12-09,340.0
2020-12-10,276.0
2020-12-11,622.0
2020-12-12,384.0
2020-12-13,1061.0
2020-12-14,541.0
2020-12-15,579.0
2020-12-16,978.0
2020-12-17,1358.0
2020-12-18,966.0
2020-12-19,745.0
2020-12-20,517.0
2020-12-21,1849.0
2020-12-22,549.0
2020-12-23,774.0
2020-12-24,1388.0
2020-12-25,813.0
2020-12-26,784.0
2020-12-27,663.0
2020-12-28,1137.0
2020-12-29,978.0
2020-12-30,355.0
2020-12-31,722.0
2021-01-01,1994.0
2021-01-02,850.0
2021-01-03,634.0
2021-01-04,489.0
2021-01-05,274.0
2021-01-06,305.0
2021-01-07,1281.0
2021-01-08,1437.0
2021-01-09,941.0
2021-01-10,318.0
2021-01-11,758.0
2021-01-12,1433.0
2021-01-13,286.0
2021-01-14,318.0
2021-01-15,653.0
2021-01-16,699.0
2021-01-17,1537.0
2021-01-18,377.0
2021-01-19,783.0
2021-01-20,511.0
2021-01-21,1894.0
2021-01-22,792.0
2021-01-23,804.0
2021-01-24,1838.0
2021-01-25,1480.0
2021-01-26,853.0
2021-01-27,1352.0
2021-01-28,1490.0
2021-01-29,1130.0
2021-01-30,1423.0
2021-01-31,969.0
2021-02-01,6484.0
2021-02-02,968.0
2021-02-03,1155.0
2021-02-04,947.0
2021-02-05,2724.0
2021-02-06,1064.0
2021-02-07,1031.0
2021-02-08,1158.0
2021-02-09,1138.0
2021-02-10,507.0
2021-02-11,647.0
2021-02-12,1237.0
2021-02-13,2980.0
2021-02-14,3318.0
2021-02-15,763.0
2021-02-16,413.0
2021-02-17,387.0
2021-02-18,777.0
2021-02-19,488.0
2021-02-20,271.0
2021-02-21,738.0
2021-02-22,393.0
2021-02-23,736.0
2021-02-24,436.0
2021-02-25,1956.0
2021-02-26,501.0
2021-02-27,1054.0
2021-02-28,677.0
2021-03-01,384.0
2021-03-02,1224.0
2021-03-03,375.0
2021-03-04,1255.0
2021-03-05,1355.0
2021-03-06,5016.0
2021-03-07,1485.0
2021-03-08,3262.0
2021-03-09,5090.0
2021-03-10,4652.0
2021-03-11,794.0
2021-03-12,2970.0
2021-03-13,6475.0
2021-03-14,4660.0
2021-03-15,1749.0
2021-03-16,945.0
2021-03-17,2415.0
2021-03-18,10630.0
2021-03-19,763.0
2021-03-20,2544.0
2021-03-21,2175.0
2021-03-22,1841.0
2021-03-23,2049.0
2021-03-24,2785.0
2021-03-25,1124.0
2021-03-26,1816.0
2021-03-27,3185.0
2021-03-28,8622.0
2021-03-29,668.0
2021-03-30,576.0
2021-03-31,602.0
2021-04-01,2666.0
2021-04-02,363.0
2021-04-03,604.0
2021-04-04,4749.0
2021-04-05,2151.0
2021-04-06,2149.0
2021-04-07,1405.0
2021-04-08,2759.0
2021-04-09,5154.0
2021-04-10,2291.0
2021-04-11,362.0
2021-04-12,691.0
2021-04-13,722.0
2021-04-14,638.0
2021-04-15,2699.0
2021-04-16,948.0
2021-04-17,1315.0
2021-04-18,527.0
2021-04-19,1185.0
2021-04-20,11172.0
2021-04-21,531.0
2021-04-22,364.0
2021-04-23,4991.0
2021-04-24,5247.0
2021-04-25,9994.0
2021-04-26,1147.0
2021-04-27,3996.0
2021-04-28,5632.0
2021-04-29,2417.0
2021-04-30,556.0
2021-05-01,579.0
2021-05-02,392.0
2021-05-03,4893.0
2021-05-04,7194.0
2021-05-05,6800.0
2021-05-06,342.0
2021-05-07,4478.0
2021-05-08,3823.0
2021-05-09,878.0
2021-05-10,242.0
2021-05-11,380.0
2021-05-12,624.0
2021-05-13,636.0
2021-05-14,183.0
2021-05-15,295.0
2021-05-16,4846.0
2021-05-17,5259.0
2021-05-18,3991.0
2021-05-19,3973.0
2021-05-20,3449.0
2021-05-21,2267.0
2021-05-22,961.0
2021-05-23,660.0
2021-05-24,7845.0
2021-05-25,1852.0
2021-05-26,721.0
2021-05-27,7404.0
2021-05-28,2046.0
2021-05-29,1112.0
2021-05-30,350.0
2021-05-31,1902.0
2021-06-01,899.0
2021-06-02,2504.0
2021-06-03,560.0
2021-06-04,1375.0
2021-06-05,1280.0
2021-06-06,601.0
2021-06-07,5412.0
2021-06-08,2894.0
2021-06-09,2229.0
2021-06-10,2043.0
2021-06-11,1926.0
2021-06-12,700.0
2021-06-13,760.0
2021-06-14,2030.0
2021-06-15,1844.0
2021-06-16,1889.0
2021-06-17,567.0
2021-06-18,2265.0
2021-06-19,3401.0
2021-06-20,296.0
2021-06-21,371.0
2021-06-22,313.0
2021-06-23,1238.0
2021-06-24,1104.0
2021-06-25,204.0
2021-06-26,3169.0
2021-06-27,1729.0
2021-06-28,11741.0
2021-06-29,6851.0
2021-06-30,5520.0
2021-07-01,2916.0
2021-07-02,5998.0
2021-07-03,3262.0
2021-07-04,1996.0
2021-07-05,8239.0
2021-07-06,4474.0
2021-07-07,7097.0
2021-07-08,3953.0
2021-07-09,10284.0
2021-07-10,8852.0
2021-07-11,11480.0
2021-07-12,2591.0
2021-07-13,338.0
2021-07-14,158.0
2021-07-15,1237.0
2021-07-16,279.0
2021-07-17,235.0
2021-07-18,4770.0
2021-07-19,3204.0
2021-07-20,955.0
2021-07-21,2719.0
2021-07-22,2873.0
2021-07-23,2882.0
2021-07-24,8560.0
2021-07-25,205.0
2021-07-26,4832.0
2021-07-27,2042.0
2021-07-28,1592.0
2021-07-29,3429.0
2021-07-30,1004.0
2021-07-31,600.0
2021-08-01,8099.0
2021-08-02,505.0
2021-08-03,5873.0
2021-08-04,4649.0
2021-08-05,324.0
2021-08-06,4881.0
2021-08-07,1990.0
2021-08-08,4408.0
2021-08-09,2888.0
2021-08-10,5024.0
2021-08-11,925.0
2021-08-12,3423.0
2021-08-13,2177.0
2021-08-14,8399.0
2021-08-15,1756.0
2021-08-16,6655.0
2021-08-17,1759.0
2021-08-18,2469.0
2021-08-19,12849.0
2021-08-20,1287.0
2021-08-21,1337.0
2021-08-22,753.0
2021-08-23,10106.0
2021-08-24,560.0
2021-08-25,851.0
2021-08-26,5615.0
2021-08-27,18479.0
2021-08-28,14370.0
2021-08-29,12068.0
2021-08-30,10380.0
2021-08-31,8943.0
2021-09-01,8864.0
2021-09-02,1152.0
2021-09-03,982.0
2021-09-04,458.0
2021-09-05,2616.0
2021-09-06,2672.0
2021-09-07,14492.0
2021-09-08,4867.0
2021-09-09,3823.0
2021-09-10,3946.0
2021-09-11,4022.0
2021-09-12,3840.0
2021-09-13,3399.0
2021-09-14,1815.0
2021-09-15,1934.0
2021-09-16,3212.0
2021-09-17,3140.0
2021-09-18,6054.0
2021-09-19,2798.0
2021-09-20,1523.0
2021-09-21,2485.0
2021-09-22,2896.0
2021-09-23,4951.0
2021-09-24,3437.0
2021-09-25,872.0
2021-09-26,2647.0
2021-09-27,2817.0
2021-09-28,3732.0
2021-09-29,2263.0
2021-09-30,10117.0
2021-10-01,994.0
2021-10-02,5764.0
2021-10-03,5182.0
2021-10-04,2626.0
2021-10-05,4127.0
2021-10-06,3685.0
2021-10-07,2404.0
2021-10-08,3492.0
2021-10-09,2101.0
2021-10-10,1047.0
2021-10-11,2504.0
2021-10-12,1302.0
2021-10-13,1321.0
2021-10-14,3126.0
2021-10-15,6970.0
2021-10-16,843.0
2021-10-17,4466.0
2021-10-18,3392.0
2021-10-19,5566.0
2021-10-20,3658.0
2021-10-21,2749.0
2021-10-22,2104.0
2021-10-23,4418.0
2021-10-24,1590.0
2021-10-25,2643.0
2021-10-26,2280.0
2021-10-27,1738.0
2021-10-28,8686.0
2021-10-29,1027.0
2021-10-30,2482.0
2021-10-31,1228.0
2021-11-01,3732.0
2021-11-02,4461.0
2021-11-03,3398.0
2021-11-04,2526.0
2021-11-05,3785.0
2021-11-06,3137.0
2021-11-07,2398.0
2021-11-08,2663.0
2021-11-09,3321.0
2021-11-10,3191.0
2021-11-11,2837.0
2021-11-12,3214.0
2021-11-13,5546.0
2021-11-14,4478.0
2021-11-15,5340.0
2021-11-16,4832.0
2021-11-17,1986.0
2021-11-18,1865.0
2021-11-19,4290.0
2021-11-20,743.0
2021-11-21,4553.0
2021-11-22,4681.0
2021-11-23,4830.0
2021-11-24,4005.0
2021-11-25,1806.0
2021-11-26,3450.0
2021-11-27,740.0
2021-11-28,642.0
2021-11-29,3517.0
2021-11-30,3833.0
2021-12-01,2744.0
2021-12-02,2017.0
2021-12-03,5223.0
2021-12-04,4862.0
2021-12-05,902.0
2021-12-06,3411.0
2021-12-07,5011.0
2021-12-08,4109.0
2021-12-09,2514.0
2021-12-10,3914.0
2021-12-11,7010.0
2021-12-12,2752.0
2021-12-13,3340.0
2021-12-14,3712.0
2021-12-15,2772.0
2021-12-16,2314.0
2021-12-17,1849.0
2021-12-18,6052.0
2021-12-19,1573.0
2021-12-20,3033.0
2021-12-21,3045.0
2021-12-22,2759.0
2021-12-23,3628.0
2021-12-24,3081.0
2021-12-25,1863.0
2021-12-26,5071.0
2021-12-27,5578.0
2021-12-28,7777.0
2021-12-29,1059.0
2021-12-30,7520.0
2021-12-31,1179.0
2022-01-01,1163.0
2022-01-02,5102.0
2022-01-03,1535.0
2022-01-04,4304.0
2022-01-05,7634.0
2022-01-06,2085.0
2022-01-07,2584.0
2022-01-08,605.0
2022-01-09,3557.0
2022-01-10,2857.0
2022-01-11,3294.0
2022-01-12,2392.0
2022-01-13,2274.0
2022-01-14,1559.0
2022-01-15,727.0
2022-01-16,3676.0
2022-01-17,5525.0
2022-01-18,4412.0
2022-01-19,4436.0
2022-01-20,1642.0
2022-01-21,4372.0
2022-01-22,3031.0
2022-01-23,1034.0
2022-01-24,6004.0
2022-01-25,7980.0
2022-01-26,3880.0
2022-01-27,4185.0
2022-01-28,6626.0
2022-01-29,558.0
2022-01-30,1188.0
2022-01-31,2432.0
2022-02-01,5002.0
2022-02-02,3103.0
2022-02-03,2368.0
2022-02-04,4286.0
2022-02-05,5010.0
2022-02-06,2275.0
2022-02-07,2062.0
2022-02-08,3302.0
2022-02-09,3289.0
2022-02-10,2017.0
2022-02-11,4954.0
2022-02-12,3997.0
2022-02-13,2173.0
2022-02-14,3031.0
2022-02-15,3891.0
2022-02-16,3024.0
2022-02-17,5047.0
2022-02-18,2475.0
2022-02-19,7218.0
2022-02-20,2241.0
2022-02-21,5063.0
2022-02-22,2387.0
2022-02-23,3421.0
2022-02-24,5775.0
2022-02-25,1773.0
2022-02-26,4170.0
2022-02-27,3338.0
2022-02-28,4337.0
2022-03-01,2144.0
2022-03-02,1697.0
2022-03-03,2112.0
2022-03-04,1568.0
2022-03-05,3232.0
2022-03-06,4302.0
2022-03-07,2417.0
2022-03-08,3159.0
2022-03-09,143.0
2022-03-10,4180.0
2022-03-11,2577.0
2022-03-12,2572.0
2022-03-13,1363.0
2022-03-14,2229.0
2022-03-15,2785.0
2022-03-16,2940.0
2022-03-17,1179.0
2022-03-18,4360.0
2022-03-19,5318.0
2022-03-20,2081.0
2022-03-21,3447.0
2022-03-22,4562.0
2022-03-23,2232.0
2022-03-24,2935.0
2022-03-25,4674.0
2022-03-26,1024.0
2022-03-27,2650.0
2022-03-28,1331.0
2022-03-29,4276.0
2022-03-30,2395.0
2022-03-31,3280.0
2022-04-01,4057.0
2022-04-02,3299.0
2022-04-03,787.0
2022-04-04,2618.0
2022-04-05,4951.0
2022-04-06,3452.0
2022-04-07,3827.0
2022-04-08,3665.0
2022-04-09,2289.0
2022-04-10,5993.0
2022-04-11,2333.0
2022-04-12,9550.0
2022-04-13,3776.0
2022-04-14,3128.0
2022-04-15,2654.0
2022-04-16,4182.0
2022-04-17,3445.0
2022-04-18,3187.0
2022-04-19,2828.0
2022-04-20,2627.0
2022-04-21,3809.0
2022-04-22,5327.0
2022-04-23,3504.0
2022-04-24,1344.0
2022-04-25,2446.0
2022-04-26,2105.0
2022-04-27,1684.0
2022-04-28,4545.0
2022-04-29,1721.0
2022-04-30,4827.0
2022-05-01,1198.0
2022-05-02,3522.0
2022-05-03,402.0
2022-05-04,893.0
2022-05-05,4075.0
2022-05-06,4109.0
2022-05-07,1794.0
2022-05-08,2302.0
2022-05-09,4089.0
2022-05-10,4703.0
2022-05-11,2079.0
2022-05-12,6378.0
2022-05-13,7658.0
2022-05-14,2320.0
2022-05-15,2215.0
2022-05-16,1901.0
2022-05-17,4827.0
2022-05-18,3336.0
2022-05-19,2647.0
2022-05-20,5415.0
2022-05-21,1920.0
2022-05-22,2206.0
2022-05-23,5223.0
2022-05-24,2114.0
2022-05-25,3649.0
2022-05-26,4124.0
2022-05-27,3348.0
2022-05-28,438.0
2022-05-29,1122.0
2022-05-30,890.0
2022-05-31,2941.0
2022-06-01,4814.0
2022-06-02,2602.0
2022-06-03,1989.0
2022-06-04,2918.0
2022-06-05,858.0
2022-06-06,5924.0
2022-06-07,3385.0
2022-06-08,1980.0
2022-06-09,3845.0
2022-06-10,3762.0
2022-06-11,447.0
2022-06-12,542.0
2022-06-13,7572.0
2022-06-14,2091.0
2022-06-15,2510.0
2022-06-16,1746.0
2022-06-17,5897.0
2022-06-18,1425.0
2022-06-19,3862.0
2022-06-20,8296.0
2022-06-21,1217.0
2022-06-22,1835.0
2022-06-23,4332.0
2022-06-24,1353.0
2022-06-25,2526.0
2022-06-26,4084.0
2022-06-27,650.0
2022-06-28,199.0
2022-06-29,537.0
2022-06-30,677.0
2022-07-01,334.0
2022-07-02,448.0
2022-07-03,5048.0
2022-07-04,7694.0
2022-07-05,2230.0
2022-07-06,2930.0
2022-07-07,5899.0
2022-07-08,891.0
2022-07-09,202.0
2022-07-10,698.0
2022-07-11,6868.0
2022-07-12,872.0
2022-07-13,1167.0
2022-07-14,2011.0
2022-07-15,2858.0
2022-07-16,4279.0
2022-07-17,1381.0
2022-07-18,3740.0
2022-07-19,3308.0
2022-07-20,491.0
2022-07-21,8342.0
2022-07-22,2439.0
2022-07-23,9894.0
2022-07-24,104.0
2022-07-25,308.0
2022-07-26,706.0
2022-07-27,1075.0
2022-07-28,715.0
2022-07-29,951.0
2022-07-30,2004.0
2022-07-31,11029.0
2022-08-01,10621.0
2022-08-02,5030.0
2022-08-03,1320.0
2022-08-04,1048.0
2022-08-05,4279.0
2022-08-06,3931.0
2022-08-07,949.0
2022-08-08,11024.0
2022-08-09,5473.0
2022-08-10,699.0
2022-08-11,5524.0
2022-08-12,872.0
2022-08-13,2046.0
2022-08-14,6596.0
2022-08-15,2346.0
2022-08-16,3854.0
2022-08-17,3662.0
2022-08-18,3122.0
2022-08-19,8285.0
2022-08-20,2325.0
2022-08-21,505.0
2022-08-22,6059.0
2022-08-23,6656.0
2022-08-24,1353.0
2022-08-25,2605.0
2022-08-26,3837.0
2022-08-27,3385.0
2022-08-28,7546.0
2022-08-29,9216.0
2022-08-30,3166.0
2022-08-31,1732.0
2022-09-01,6932.0
2022-09-02,4750.0
2022-09-03,8644.0
2022-09-04,3221.0
2022-09-05,4231.0
2022-09-06,4365.0
2022-09-07,2563.0
2022-09-08,5973.0
2022-09-09,6888.0
2022-09-10,3461.0
2022-09-11,8886.0
2022-09-12,1443.0
2022-09-13,15988.0
2022-09-14,3498.0
2022-09-15,3354.0
2022-09-16,1986.0
2022-09-17,4806.0
2022-09-18,8418.0
2022-09-19,6551.0
2022-09-20,2618.0
2022-09-21,3793.0
2022-09-22,5201.0
2022-09-23,2840.0
2022-09-24,4999.0
2022-09-25,10788.0
2022-09-26,8768.0
2022-09-27,4013.0
2022-09-28,13782.0
2022-09-29,14476.0
2022-09-30,8784.0
2022-10-01,16379.0
2022-10-02,8642.0
2022-10-03,5727.0
2022-10-04,6024.0
2022-10-05,8201.0
2022-10-06,4389.0
2022-10-07,4664.0
2022-10-08,9570.0
2022-10-09,5736.0
2022-10-10,5348.0
2022-10-11,9208.0
2022-10-12,11886.0
2022-10-13,9259.0
2022-10-14,5868.0
2022-10-15,5448.0
2022-10-16,4193.0
2022-10-17,8378.0
2022-10-18,8230.0
2022-10-19,8268.0
2022-10-20,4449.0
2022-10-21,5881.0
2022-10-22,2641.0
2022-10-23,10160.0
2022-10-24,6960.0
2022-10-25,5399.0
2022-10-26,4861.0
2022-10-27,5118.0
2022-10-28,7452.0
2022-10-29,3288.0
2022-10-30,2086.0
2022-10-31,6302.0
2022-11-01,8334.0
2022-11-02,4885.0
2022-11-03,8734.0
2022-11-04,4879.0
2022-11-05,10397.0
2022-11-06,2027.0
2022-11-07,5149.0
2022-11-08,10111.0
2022-11-09,5303.0
2022-11-10,9642.0
2022-11-11,6055.0
2022-11-12,6824.0
2022-11-13,7927.0
2022-11-14,3685.0
2022-11-15,5870.0
2022-11-16,4919.0
2022-11-17,6520.0
2022-11-18,6326.0
2022-11-19,6084.0
2022-11-20,307.0
2022-11-21,4868.0
2022-11-22,3047.0
2022-11-23,6200.0
2022-11-24,6414.0
2022-11-25,1907.0
2022-11-26,4371.0
2022-11-27,4293.0
2022-11-28,7178.0
2022-11-29,4532.0
2022-11-30,3872.0
2022-12-01,5162.0
2022-12-02,2540.0
2022-12-03,5773.0
2022-12-04,11939.0
2022-12-05,4323.0
2022-12-06,7379.0
2022-12-07,6453.0
2022-12-08,5239.0
2022-12-09,4721.0
2022-12-10,6080.0
2022-12-11,13120.0
2022-12-12,5358.0
2022-12-13,5116.0
2022-12-14,3246.0
2022-12-15,5776.0
2022-12-16,5024.0
2022-12-17,9503.0
2022-12-18,7740.0
2022-12-19,4706.0
2022-12-20,5914.0
2022-12-21,4157.0
2022-12-22,4806.0
2022-12-23,7344.0
2022-12-24,2295.0
2022-12-25,2353.0
2022-12-26,9162.0
2022-12-27,8785.0
2022-12-28,4989.0
2022-12-29,3433.0
2022-12-30,2172.0
2022-12-31,1086.0
2023-01-01,2082.0
2023-01-02,5891.0
2023-01-03,14279.0
2023-01-04,2538.0
2023-01-05,1910.0
2023-01-06,3665.0
2023-01-07,2735.0
2023-01-08,570.0
2023-01-09,4856.0
2023-01-10,17.0
2023-01-11,3567.0
2023-01-12,2600.0
2023-01-13,3403.0
2023-01-14,1932.0
2023-01-15,4965.0
2023-01-16,6592.0
2023-01-17,2748.0
2023-01-18,1991.0
2023-01-19,1891.0
2023-01-20,5186.0
2023-01-21,3289.0
2023-01-22,1057.0
2023-01-23,2282.0
2023-01-24,5222.0
2023-01-25,1165.0
2023-01-26,741.0
2023-01-27,5334.0
2023-01-28,2037.0
2023-01-29,1535.0
2023-01-30,7528.0
2023-01-31,453.0
2023-02-01,978.0
2023-02-02,2090.0
2023-02-03,1924.0
2023-02-04,6411.0
2023-02-05,2108.0
2023-02-06,846.0
2023-02-07,521.0
2023-02-08,1774.0
2023-02-09,1592.0
2023-02-10,7595.0
2023-02-11,5213.0
2023-02-12,12658.0
2023-02-13,3653.0
2023-02-14,7565.0
2023-02-15,6949.0
2023-02-16,5496.0
2023-02-17,787.0
2023-02-18,1262.0
2023-02-19,1410.0
2023-02-20,1383.0
2023-02-21,3053.0
2023-02-22,6274.0
2023-02-23,8658.0
2023-02-24,520.0
2023-02-25,4134.0
2023-02-26,585.0
2023-02-27,2291.0
2023-02-28,1625.0
2023-03-01,2242.0
2023-03-02,773.0
2023-03-03,863.0
2023-03-04,163.0
2023-03-05,618.0
2023-03-06,1341.0
2023-03-07,780.0
2023-03-08,5764.0
2023-03-09,367.0
2023-03-10,4124.0
2023-03-11,5858.0
2023-03-12,2765.0
2023-03-13,1840.0
2023-03-14,708.0
2023-03-15,956.0
2023-03-16,5649.0
2023-03-17,9252.0
2023-03-18,3709.0
2023-03-19,6565.0
2023-03-20,3238.0
2023-03-21,1765.0
2023-03-22,1232.0
2023-03-23,5622.0
2023-03-24,4368.0
2023-03-25,9702.0
2023-03-26,2547.0
2023-03-27,3772.0
2023-03-28,4279.0
2023-03-29,5949.0
2023-03-30,1613.0
2023-03-31,4466.0
2023-04-01,259.0
2023-04-02,6984.0
2023-04-03,2313.0
2023-04-04,1707.0
2023-04-05,1151.0
2023-04-06,2806.0
2023-04-07,3328.0
2023-04-08,950.0
2023-04-09,2214.0
2023-04-10,4365.0
2023-04-11,1823.0
2023-04-12,678.0
2023-04-13,2649.0
2023-04-14,2744.0
2023-04-15,813.0
2023-04-16,1151.0
2023-04-17,5728.0
2023-04-18,2603.0
2023-04-19,3056.0
2023-04-20,4380.0
2023-04-21,1631.0
2023-04-22,1230.0
2023-04-23,210.0
2023-04-24,2443.0
2023-04-25,1417.0
2023-04-26,353.0
2023-04-27,3243.0
2023-04-28,3116.0
2023-04-29,2820.0
2023-04-30,1002.0
2023-05-01,5057.0
2023-05-02,658.0
2023-05-03,2774.0
2023-05-04,1476.0
2023-05-05,2658.0
2023-05-06,3574.0
2023-05-07,6641.0
2023-05-08,7016.0
2023-05-09,780.0
2023-05-10,8365.0
2023-05-11,3200.0
2023-05-12,1557.0
2023-05-13,4001.0
2023-05-14,1303.0
2023-05-15,5243.0
2023-05-16,252.0
2023-05-17,1002.0
2023-05-18,6845.0
2023-05-19,8303.0
2023-05-20,662.0
2023-05-21,591.0
2023-05-22,2531.0
2023-05-23,624.0
2023-05-24,379.0
2023-05-25,208.0
2023-05-26,1436.0
2023-05-27,1088.0
2023-05-28,13746.0
2023-05-29,5719.0
2023-05-30,3011.0
2023-05-31,7827.0
2023-06-01,8450.0
2023-06-02,3217.0
2023-06-03,10462.0
2023-06-04,4544.0
2023-06-05,4168.0
2023-06-06,6287.0
2023-06-07,8056.0
2023-06-08,4340.0
2023-06-09,4864.0
2023-06-10,3036.0
2023-06-11,2877.0
2023-06-12,8113.0
2023-06-13,3140.0
2023-06-14,5127.0
2023-06-15,3652.0
2023-06-16,5178.0
2023-06-17,3093.0
2023-06-18,1744.0
2023-06-19,7685.0
2023-06-20,2954.0
2023-06-21,2671.0
2023-06-22,5137.0
2023-06-23,2271.0
2023-06-24,10494.0
2023-06-25,3587.0
2023-06-26,10639.0
2023-06-27,5669.0
2023-06-28,2931.0
2023-06-29,8168.0
2023-06-30,7617.0
2023-07-01,8541.0
2023-07-02,8802.0
2023-07-03,12932.0
2023-07-04,16415.0
2023-07-05,5000.0
2023-07-06,337.0
2023-07-07,18619.0
2023-07-08,9319.0
2023-07-09,13089.0
2023-07-10,5647.0
2023-07-11,16526.0
2023-07-12,6422.0
2023-07-13,7438.0
2023-07-14,5000.0
2023-07-15,4745.0
2023-07-16,4703.0
2023-07-17,368.0
2023-07-18,8592.0
2023-07-19,12879.0
2023-07-20,7701.0
2023-07-21,11510.0
2023-07-22,21385.0
2023-07-23,12879.0
2023-07-24,14479.0
2023-07-25,11642.0
2023-07-26,3080.0
2023-07-27,2558.0
2023-07-28,606.0
2023-07-29,305.0
2023-07-30,6837.0
2023-07-31,6166.0
2023-08-01,2224.0
2023-08-02,3099.0
2023-08-03,2839.0
2023-08-04,333.0
2023-08-05,1852.0
2023-08-06,74.0
2023-08-07,9343.0
2023-08-08,1497.0
2023-08-09,48.0
2023-08-10,1827.0
2023-08-11,4730.0
2023-08-12,6918.0
2023-08-13,237.0
2023-08-14,5315.0
2023-08-15,9920.0
2023-08-16,3935.0
2023-08-17,77.0
2023-08-18,4484.0
2023-08-19,1471.0
2023-08-20,10587.0
2023-08-21,9516.0
2023-08-22,2124.0
2023-08-23,802.0
2023-08-24,4738.0
2023-08-25,1712.0
2023-08-26,4574.0
2023-08-27,1215.0
2023-08-28,8406.0
2023-08-29,2543.0
2023-08-30,1747.0
2023-08-31,1851.0
2023-09-01,11987.0
2023-09-02,11824.0
2023-09-03,3270.0
2023-09-04,406.0
2023-09-05,88.0
2023-09-06,729.0
2023-09-07,794.0
2023-09-08,1396.0
2023-09-09,5673.0
2023-09-10,880.0
2023-09-11,1488.0
2023-09-12,984.0
2023-09-13,1698.0
2023-09-14,9160.0
2023-09-15,2808.0
2023-09-16,2805.0
2023-09-17,2530.0
2023-09-18,12734.0
2023-09-19,4380.0
2023-09-20,5682.0
2023-09-21,3889.0
2023-09-22,2833.0
2023-09-23,3257.0
2023-09-24,5916.0
2023-09-25,3931.0
2023-09-26,6877.0
2023-09-27,4578.0
2023-09-28,9561.0
2023-09-29,3458.0
2023-09-30,5824.0
2023-10-01,3041.0
2023-10-02,5231.0
2023-10-03,5502.0
2023-10-04,7306.0
2023-10-05,8841.0
2023-10-06,13242.0
2023-10-07,1137.0
2023-10-08,199.0
2023-10-09,10170.0
2023-10-10,10000.0
2023-10-11,6507.0
2023-10-12,10986.0
2023-10-13,5672.0
2023-10-14,5475.0
2023-10-15,5221.0
2023-10-16,5444.0
2023-10-17,5238.0
2023-10-18,6662.0
2023-10-19,3727.0
2023-10-20,4352.0
2023-10-21,495.0
2023-10-22,173.0
2023-10-23,5912.0
2023-10-24,5292.0
2023-10-25,6206.0
2023-10-26,5774.0
2023-10-27,2974.0
2023-10-28,9028.0
2023-10-29,5859.0
2023-10-30,7922.0
2023-10-31,4544.0
2023-11-01,5242.0
2023-11-02,4610.0
2023-11-03,6736.0
2023-11-04,2227.0
2023-11-05,4996.0
2023-11-06,15426.0
2023-11-07,7970.0
2023-11-08,6502.0
2023-11-09,9555.0
2023-11-10,4553.0
2023-11-11,22788.0
2023-11-12,57.0
2023-11-13,5415.0
2023-11-14,5346.0
2023-11-15,8512.0
2023-11-16,15414.0
2023-11-17,7052.0
2023-11-18,3557.0
2023-11-19,318.0
2023-11-20,13302.0
2023-11-21,10569.0
2023-11-22,11088.0
2023-11-23,7657.0
2023-11-24,6976.0
2023-11-25,3625.0
2023-11-26,1855.0
2023-11-27,4446.0
2023-11-28,10534.0
2023-11-29,4548.0
2023-11-30,2222.0
2023-12-01,4219.0
2023-12-02,11039.0
2023-12-03,13914.0
2023-12-04,6253.0
2023-12-05,11091.0
2023-12-06,11265.0
2023-12-07,6353.0
2023-12-08,4222.0
2023-12-09,4559.0
2023-12-10,5515.0
2023-12-11,8610.0
2023-12-12,6805.0
2023-12-13,11276.0
2023-12-14,6246.0
2023-12-15,6559.0
2023-12-16,2693.0
2023-12-17,2842.0
2023-12-18,9833.0
2023-12-19,6492.0
2023-12-20,9902.0
2023-12-21,11933.0
2023-12-22,1940.0
2023-12-23,4017.0
2023-12-24,6896.0
2023-12-25,10085.0
2023-12-26,9569.0
2023-12-27,7981.0
2023-12-28,19132.0
2023-12-29,6620.0
2023-12-30,966.0
2023-12-31,692.0
2024-01-01,681.0
2024-01-02,9412.0
2024-01-03,4563.0
2024-01-04,2891.0
2024-01-05,2269.0
2024-01-06,882.0
2024-01-07,1359.0
2024-01-08,6916.0
2024-01-09,5554.0
2024-01-10,2022.0
2024-01-11,2377.0
2024-01-12,2966.0
2024-01-13,4377.0
2024-01-14,2256.0
2024-01-15,1862.0
2024-01-16,2058.0
2024-01-17,1138.0
2024-01-18,2529.0
2024-01-19,15044.0
2024-01-20,1248.0
2024-01-21,1605.0
2024-01-22,7325.0
2024-01-23,4848.0
2024-01-24,1767.0
2024-01-25,6455.0
2024-01-26,5331.0
2024-01-27,10763.0
2024-01-28,134.0
2024-01-29,7586.0
2024-01-30,3400.0
2024-01-31,3988.0
2024-02-01,193.0
2024-02-02,4139.0
2024-02-03,7021.0
2024-02-04,247.0
2024-02-05,4972.0
2024-02-06,4340.0
2024-02-07,3971.0
2024-02-08,520.0
2024-02-09,5541.0
2024-02-10,4752.0
2024-02-11,2578.0
2024-02-12,5659.0
2024-02-13,3614.0
2024-02-14,3862.0
2024-02-15,5876.0
2024-02-16,18481.0
2024-02-17,5563.0
2024-02-18,2389.0
2024-02-19,5076.0
2024-02-20,6394.0
2024-02-21,8379.0
2024-02-22,6093.0
2024-02-23,5912.0
2024-02-24,3313.0
2024-02-25,6420.0
2024-02-26,6147.0
2024-02-27,9443.0
2024-02-28,7888.0
2024-02-29,4002.0
2024-03-01,4507.0
2024-03-02,1373.0
2024-03-03,4102.0
2024-03-04,5670.0
2024-03-05,3379.0
2024-03-06,6583.0
2024-03-07,5459.0
2024-03-08,4893.0
2024-03-09,4720.0
2024-03-10,4132.0
2024-03-11,4204.0
2024-03-12,1011.0
2024-03-13,4600.0
2024-03-14,3454.0
2024-03-15,4365.0
2024-03-16,12781.0
2024-03-17,526.0
2024-03-18,4024.0
2024-03-19,2980.0
2024-03-20,6165.0
2024-03-21,2264.0
2024-03-22,2489.0
2024-03-23,2996.0
2024-03-24,5118.0
2024-03-25,5876.0
2024-03-26,677.0
2024-03-27,2940.0
2024-03-28,4530.0
2024-03-29,3868.0
2024-03-30,1945.0
2024-03-31,6912.0
2024-04-01,3964.0
2024-04-02,3671.0
2024-04-03,3556.0
2024-04-04,7949.0
2024-04-05,2581.0
2024-04-06,979.0
2024-04-07,539.0
2024-04-08,13324.0
2024-04-09,8492.0
2024-04-10,960.0
2024-04-11,5284.0
2024-04-12,3830.0
2024-04-13,743.0
2024-04-14,2105.0
2024-04-15,4728.0
2024-04-16,14334.0
2024-04-17,7269.0
2024-04-18,10252.0
2024-04-19,3664.0
2024-04-20,2722.0
2024-04-21,798.0
2024-04-22,4469.0
2024-04-23,5848.0
2024-04-24,6225.0
2024-04-25,3160.0
2024-04-26,6058.0
2024-04-27,7080.0
2024-04-28,6523.0
2024-04-29,2922.0
2024-04-30,4225.0
2024-05-01,4469.0
2024-05-02,3658.0
2024-05-03,3227.0
2024-05-04,2211.0
2024-05-05,2722.0
2024-05-06,2445.0
2024-05-07,4601.0
2024-05-08,3166.0
2024-05-09,3559.0
2024-05-10,3404.0
2024-05-11,3130.0
2024-05-12,4950.0
2024-05-13,5578.0
2024-05-14,7851.0
2024-05-15,1638.0
2024-05-16,3076.0
2024-05-17,7861.0
2024-05-18,6155.0
2024-05-19,6818.0
2024-05-20,1362.0
2024-05-21,3414.0
2024-05-22,4719.0
2024-05-23,3385.0
2024-05-24,13310.0
2024-05-25,3463.0
2024-05-26,8956.0
2024-05-27,8527.0
2024-05-28,3648.0
2024-05-29,6811.0
2024-05-30,11142.0
2024-05-31,3493.0
2024-06-01,7073.0
2024-06-02,7668.0
2024-06-03,6307.0
2024-06-04,6061.0
2024-06-05,7324.0
2024-06-06,10644.0
2024-06-07,3442.0
2024-06-08,4914.0
2024-06-09,7915.0
2024-06-10,8102.0
2024-06-11,13361.0
2024-06-12,5738.0
2024-06-13,3355.0
2024-06-14,89.0
2024-06-15,130.0
2024-06-16,22.0
2024-06-17,131.0
2024-06-18,451.0
2024-06-19,485.0
2024-06-20,2692.0
2024-06-21,7837.0
2024-06-22,1909.0
2024-06-23,2407.0
2024-06-24,8212.0
2024-06-25,7528.0
2024-06-26,2373.0
2024-06-27,3065.0
2024-06-28,3933.0
2024-06-29,977.0
2024-06-30,1838.0
2024-07-01,5256.0
2024-07-02,2606.0
2024-07-03,3338.0
2024-07-04,1068.0
2024-07-05,6473.0
2024-07-06,3947.0
2024-07-07,1163.0
2024-07-08,1327.0
2024-07-09,783.0
2024-07-10,1445.0
2024-07-11,3015.0
2024-07-12,3796.0
2024-07-13,3495.0
2024-07-14,978.0
2024-07-15,3055.0
2024-07-16,2036.0
2024-07-17,2027.0
2024-07-18,983.0
2024-07-19,3358.0
2024-07-20,10035.0
2024-07-21,787.0
2024-07-22,3003.0
2024-07-23,1238.0
2024-07-24,6214.0
2024-07-25,605.0
2024-07-26,2021.0
2024-07-27,5991.0
2024-07-28,1485.0
2024-07-29,8088.0
2024-07-30,2336.0
2024-07-31,1093.0
2024-08-01,3380.0
2024-08-02,7581.0
2024-08-03,1811.0
2024-08-04,604.0
2024-08-05,675.0
2024-08-06,6047.0
2024-08-07,400.0
2024-08-08,3652.0
2024-08-09,1235.0
2024-08-10,2274.0
2024-08-11,897.0
2024-08-12,1615.0
2024-08-13,1284.0
2024-08-14,1229.0
2024-08-15,1292.0
2024-08-16,737.0
2024-08-17,929.0
2024-08-18,468.0
2024-08-19,3035.0
2024-08-20,2743.0
2024-08-21,3614.0
2024-08-22,5658.0
2024-08-23,1737.0
2024-08-24,7606.0
2024-08-25,2603.0
2024-08-26,2341.0
2024-08-27,4261.0
2024-08-28,1730.0
2024-08-29,875.0
2024-08-30,1361.0
2024-08-31,466.0
2024-09-01,2765.0
2024-09-02,4480.0
2024-09-03,5893.0
2024-09-04,1883.0
2024-09-05,8283.0
2024-09-06,641.0
2024-09-07,4607.0
2024-09-08,3118.0
2024-09-09,2459.0
2024-09-10,10478.0
2024-09-11,8072.0
2024-09-12,1980.0
2024-09-13,263.0
2024-09-14,8706.0
2024-09-15,15723.0
2024-09-16,16868.0
2024-09-17,4637.0
2024-09-18,6240.0
2024-09-19,10979.0
2024-09-20,7517.0
2024-09-21,8183.0
2024-09-22,15024.0
2024-09-23,11365.0
2024-09-24,7185.0
2024-09-25,7508.0
2024-09-26,8128.0
2024-09-27,3790.0
2024-09-28,11461.0
2024-09-29,10546.0
2024-09-30,7232.0
2024-10-01,4750.0
2024-10-02,3661.0
2024-10-03,6808.0
2024-10-04,7230.0
2024-10-05,4985.0
2024-10-06,3455.0
2024-10-07,6456.0
2024-10-08,4332.0
2024-10-09,4333.0
2024-10-10,3013.0
2024-10-11,6321.0
2024-10-12,6869.0
2024-10-13,8729.0
2024-10-14,9225.0
2024-10-15,6232.0
2024-10-16,5584.0
2024-10-17,5872.0
2024-10-18,6454.0
2024-10-19,3480.0
2024-10-20,1958.0
2024-10-21,4992.0
2024-10-22,5510.0
2024-10-23,1838.0
2024-10-24,4836.0
2024-10-25,6216.0
2024-10-26,12161.0
2024-10-27,15424.0
2024-10-28,7970.0
2024-10-29,7858.0
2024-10-30,6418.0
2024-10-31,6133.0
2024-11-01,5037.0
2024-11-02,1131.0
2024-11-03,2213.0
2024-11-04,6654.0
2024-11-05,7802.0
2024-11-06,5625.0
2024-11-07,6970.0
2024-11-08,2156.0
2024-11-09,5143.0
2024-11-10,4134.0
2024-11-11,3354.0
2024-11-12,8170.0
2024-11-13,5859.0
2024-11-14,3960.0
2024-11-15,3414.0
2024-11-16,2505.0
2024-11-17,1925.0
2024-11-18,5437.0
2024-11-19,3417.0
2024-11-20,1552.0
2024-11-21,3648.0
2024-11-22,4067.0
2024-11-23,7123.0
2024-11-24,4869.0
2024-11-25,2792.0
2024-11-26,3898.0
2024-11-27,3865.0
2024-11-28,6465.0
2024-11-29,5036.0
2024-11-30,1063.0
2024-12-01,2275.0
2024-12-02,5037.0
2024-12-03,4980.0
2024-12-04,8682.0
2024-12-05,4125.0
2024-12-06,424.0
2024-12-15,823.0
2024-12-16,4386.0
2024-12-17,1284.0
2024-12-18,6450.0
2024-12-19,8807.0
2024-12-20,5285.0
2024-12-21,13085.0
2024-12-22,1955.0
2024-12-23,16913.0
2024-12-24,14229.0
2024-12-25,8658.0
2024-12-26,14751.0
2024-12-27,16198.0
2024-12-28,9902.0
2024-12-29,5188.0
2024-12-30,6293.0
2024-12-31,4772.0
2025-01-01,7304.0
2025-01-02,6875.0
2025-01-03,6862.0
2025-01-04,9799.0
2025-01-05,10792.0
2025-01-06,8787.0
2025-01-07,3730.0
2025-01-08,12935.0
2025-01-09,3031.0
2025-01-10,4640.0
2025-01-11,4011.0
2025-01-12,2560.0
2025-01-13,4956.0
2025-01-14,17167.0
2025-01-15,14760.0
2025-01-16,28129.0
2025-01-17,8246.0
2025-01-18,18631.0
2025-01-19,28443.0
2025-01-20,21492.0
2025-01-21,9300.0
2025-01-22,1575.0
2025-01-23,18961.0
2025-01-24,4257.0
2025-01-25,35861.0
2025-01-26,25285.0
2025-01-27,40351.0
2025-01-28,33912.0
2025-01-29,31065.0
2025-01-30,30840.0
2025-01-31,25556.0
2025-02-01,22777.0
2025-02-02,43248.0
2025-02-03,18871.0
2025-02-04,18693.0
2025-02-05,7499.0
2025-02-06,15049.0
2025-02-07,12181.0
2025-02-08,13851.0
2025-02-09,25608.0
2025-02-10,18726.0
2025-02-11,10152.0
2025-02-12,8562.0
2025-02-13,6418.0
2025-02-14,11695.0
2025-02-15,9158.0
2025-02-16,459.0
2025-02-17,12665.0
2025-02-18,7882.0
2025-02-19,8133.0
2025-02-20,1375.0
2025-02-21,5175.0
2025-02-22,9434.0
2025-02-23,5703.0
2025-02-24,7723.0
2025-02-25,20986.0
2025-02-26,14227.0
2025-02-27,16111.0
2025-02-28,5868.0
2025-03-01,4649.0
2025-03-02,2754.0
2025-03-03,14658.0
2025-03-04,6494.0
2025-03-05,6730.0
2025-03-06,9250.0
2025-03-07,13223.0
2025-03-08,3275.0
2025-03-09,17714.0
2025-03-10,9966.0
2025-03-11,14663.0
2025-03-12,12515.0
2025-03-13,6997.0
2025-03-14,4103.0
2025-03-15,8895.0
2025-03-16,8383.0
2025-03-17,7862.0
2025-03-18,2042.0
2025-03-19,9267.0
2025-03-20,15787.0
2025-03-21,6330.0
2025-03-22,4628.0
2025-03-23,3284.0
2025-03-24,5290.0
2025-03-25,9043.0
2025-03-26,6600.0
2025-03-27,3078.0
2025-03-28,3762.0
2025-03-29,6379.0
2025-03-30,2240.0
2025-03-31,2041.0
2025-04-01,824.0
2025-04-02,2396.0
2025-04-03,3494.0
2025-04-04,11017.0
2025-04-05,5078.0
2025-04-06,4636.0
2025-04-07,6809.0
2025-04-08,3409.0
2025-04-12,1687.0
2025-04-13,7163.0
2025-04-14,9504.0
2025-04-15,17196.0
2025-04-16,5511.0
2025-04-17,12625.0
2025-04-18,12122.0
2025-04-19,7164.0
2025-04-20,4049.0
2025-04-21,4481.0
2025-04-22,6496.0
2025-04-23,1513.0
2025-04-24,2407.0
2025-04-25,7059.0
2025-04-26,1958.0
2025-04-27,3320.0
2025-04-28,3750.0
2025-04-29,9224.0
2025-04-30,6187.0
2025-05-01,19784.0
2025-05-02,8940.0
2025-05-03,8245.0
2025-05-04,37220.0
2025-05-05,8880.0
2025-05-06,4425.0
2025-05-07,12532.0
2025-05-08,5682.0
2025-05-09,8514.0
2025-05-10,6961.0
2025-05-11,2432.0
2025-05-12,2996.0
2025-05-13,7871.0
2025-05-14,7187.0
2025-05-15,5340.0
2025-05-16,4924.0
2025-05-17,5205.0
2025-05-18,6181.0
2025-05-19,5115.0
2025-05-20,3755.0
2025-05-21,6737.0
2025-05-22,3606.0
2025-05-23,72.0
2025-05-24,453.0
2025-05-25,983.0
2025-05-26,1542.0
2025-05-27,1153.0
2025-05-28,1209.0
2025-05-29,3747.0
2025-05-30,1909.0
2025-05-31,673.0
2025-06-01,1181.0
2025-06-02,7399.0
2025-06-03,1902.0
2025-06-04,1734.0
2025-06-05,2878.0
2025-06-06,456.0
2025-06-07,864.0
2025-06-08,6152.0
2025-06-09,4875.0
2025-06-10,3147.0
2025-06-11,3102.0
2025-06-12,2729.0
2025-06-13,2641.0
2025-06-14,10001.0
2025-06-15,5619.0
2025-06-16,22171.0
2025-06-17,18478.0
2025-06-18,17578.0
2025-06-19,12710.0
2025-06-20,7252.0
2025-06-21,13873.0
2025-06-22,16371.0
2025-06-23,5116.0
2025-06-24,6962.0
2025-06-25,2897.0
2025-06-26,4142.0
2025-06-27,7320.0
2025-06-28,18351.0
2025-06-29,7738.0
2025-06-30,5405.0
2025-07-01,9483.0
2025-07-02,3156.0
2025-07-03,3241.0
2025-07-04,10354.0
2025-07-05,10388.0
2025-07-06,28826.0
2025-07-07,15892.0
2025-07-08,15623.0
2025-07-09,10447.0
2025-07-10,19162.0
2025-07-11,4515.0
2025-07-12,7858.0
2025-07-13,1058.0
2025-07-14,3250.0
2025-07-15,2636.0
2025-07-16,10365.0
2025-07-17,6572.0
2025-07-18,4360.0
2025-07-19,4005.0
2025-07-20,3876.0
2025-07-21,4112.0
2025-07-22,2672.0
2025-07-23,2357.0
2025-07-24,1920.0
2025-07-25,572.0
2025-07-26,6361.0
2025-07-27,1641.0
2025-07-28,3894.0
2025-07-29,4070.0
2025-07-30,5265.0
2025-07-31,2062.0
2025-08-01,3603.0
2025-08-02,3246.0
2025-08-03,2043.0
2025-08-04,3751.0
2025-08-05,2746.0
2025-08-06,2736.0
2025-08-07,4299.0
2025-08-08,2685.0
2025-08-09,84.0
2025-08-10,473.0
2025-08-11,2080.0
2025-08-12,2911.0
2025-08-13,3937.0
2025-08-14,5757.0
2025-08-15,11948.0
2025-08-16,1943.0
2025-08-17,2640.0
2025-08-18,4502.0
2025-08-19,5818.0
2025-08-20,4436.0
2025-08-21,2773.0
2025-08-22,11325.0
2025-08-23,5920.0
2025-08-24,2956.0
2025-08-25,3539.0
2025-08-26,1318.0
2025-08-27,5016.0
2025-08-28,2756.0
2025-08-29,2119.0
2025-08-30,1596.0
2025-08-31,1081.0
2025-09-01,6106.0
2025-09-02,4293.0
2025-09-03,2526.0
2025-09-04,3860.0
2025-09-05,1242.0
2025-09-06,11465.0
2025-09-07,4668.0
2025-09-08,1794.0
2025-09-09,1474.0
2025-09-10,4580.0
2025-09-11,2439.0
2025-09-12,6330.0
2025-09-13,6786.0
2025-09-14,7834.0
2025-09-15,1671.0
2025-09-16,175.0
2025-09-17,3945.0
2025-09-18,4860.0
2025-09-19,8789.0
2025-09-20,14467.0
2025-09-21,11056.0
2025-09-22,26662.0
2025-09-23,24631.0
2025-09-24,8179.0
2025-09-25,19329.0
2025-09-26,7046.0
2025-09-27,11732.0
2025-09-28,6664.0
2025-09-29,10101.0
2025-09-30,6685.0
2025-10-01,7341.0
2025-10-02,8875.0
2025-10-03,1093.0
2025-10-04,4576.0
2025-10-05,2971.0
2025-10-06,5423.0
2025-10-07,4278.0
2025-10-08,9009.0
2025-10-09,12870.0
2025-10-10,6223.0
2025-10-11,17654.0
2025-10-12,9243.0
2025-10-13,11980.0
2025-10-14,12697.0
2025-10-15,24208.0
2025-10-16,11839.0
2025-10-17,4755.0
2025-10-18,1518.0
2025-10-19,5434.0
2025-10-20,7283.0
2025-10-21,10061.0
2025-10-22,8414.0
2025-10-23,12817.0
2025-10-24,6174.0
2025-10-25,4621.0
2025-10-26,1824.0
2025-10-27,2815.0
2025-10-28,4724.0
2025-10-29,7946.0
2025-10-30,12241.0
2025-10-31,6590.0
2025-11-01,7007.0
2025-11-02,9229.0
2025-11-03,10020.0
2025-11-04,12053.0
2025-11-05,9316.0
2025-11-06,16056.0
2025-11-07,7986.0
2025-11-08,1016.0
2025-11-09,1641.0
2025-11-10,6070.0
2025-11-11,3302.0
2025-11-12,13464.0
2025-11-13,5682.0
2025-11-14,9067.0
2025-11-15,8172.0
2025-11-16,3502.0
2025-11-17,9266.0
2025-11-18,6166.0
2025-11-19,3432.0
2025-11-20,7890.0
2025-11-21,5407.0
2025-11-22,6274.0
2025-11-23,6703.0
2025-11-24,5008.0
2025-11-25,5305.0
2025-11-26,2331.0
2025-11-27,11634.0
2025-11-28,19758.0
2025-11-29,9230.0
2025-11-30,12769.0
2025-12-01,3643.0
2025-12-02,3736.0
2025-12-03,8313.0
2025-12-04,6677.0
2025-12-05,3643.0
2025-12-06,2234.0
2025-12-07,2543.0
2025-12-08,4472.0
2025-12-09,6066.0
2025-12-10,4978.0
2025-12-11,8778.0
2025-12-12,6587.0
2025-12-13,3474.0
2025-12-14,6742.0
2025-12-15,6791.0
2025-12-16,5659.0
2025-12-17,13759.0
2025-12-18,7434.0
2025-12-19,6728.0
2025-12-20,2705.0
2025-12-21,2125.0
2025-12-22,320.0
2025-12-23,1292.0
2025-12-24,1706.0
2025-12-25,929.0
2025-12-26,454.0
2025-12-27,828.0
2025-12-28,2182.0
2025-12-29,3044.0
2025-12-30,28.0
2025-12-31,422.0
2026-01-01,54.0
2026-01-02,98.0
2026-01-03,88.0
2026-01-04,940.0
2026-01-05,1367.0
2026-01-06,191.0
2026-01-07,946.0
2026-01-08,461.0
2026-01-09,151.0
2026-01-10,228.0
2026-01-11,179.0
2026-01-12,121.0
2026-01-13,215.0
2026-01-14,135.0
2026-01-15,185.0
2026-01-16,553.0
2026-01-17,396.0
2026-01-18,114.0
2026-01-19,405.0
2026-01-20,1717.0
2026-01-21,2347.0
2026-01-22,376.0
2026-01-23,1163.0
2026-01-24,202.0
2026-01-25,1078.0
2026-01-26,1774.0
2026-01-27,76.0
2026-01-28,1194.0
2026-01-29,600.0
2026-01-30,716.0
2026-01-31,894.0
2026-02-01,655.0
2026-02-02,517.0
2026-02-03,2323.0
2026-02-04,842.0
2026-02-05,927.0
2026-02-06,1161.0
2026-02-07,1858.0
2026-02-08,1417.0
2026-02-09,1112.0
2026-02-10,1733.0
2026-02-11,1522.0
2026-02-12,434.0
2026-02-13,1143.0
2026-02-14,5087.0
2026-02-15,4561.0
2026-02-16,3895.0
2026-02-17,5836.0
2026-02-18,7723.0
2026-02-19,4121.0
2026-02-20,11694.0
2026-02-21,4003.0
2026-02-22,6073.0
2026-02-23,5241.0
2026-02-24,4699.0
2026-02-25,6184.0
2026-02-26,5109.0
2026-02-27,5040.0
2026-02-28,1303.0
2026-03-01,3907.0
2026-03-02,4865.0
2026-03-03,5887.0
2026-03-04,9044.0
2026-03-05,2607.0
2026-03-06,3047.0
2026-03-07,4056.0
2026-03-08,1454.0
2026-03-09,2301.0
2026-03-10,2245.0
2026-03-11,10592.0
2026-03-12,4174.0
2026-03-13,4947.0
2026-03-14,1889.0
2026-03-15,3011.0
2026-03-16,4190.0
2026-03-17,3238.0
2026-03-18,5571.0
2026-03-19,1957.0
2026-03-20,8208.0
2026-03-21,7251.0
2026-03-22,4368.0
2026-03-23,6965.0
2026-03-24,11982.0
2026-03-25,2942.0
2026-03-26,503.0
2026-03-27,3411.0
2026-03-28,2497.0
2026-03-29,1965.0
2026-03-30,4335.0
2026-03-31,5840.0
2026-04-01,5436.0
2026-04-02,2637.0
2026-04-03,3700.0
2026-04-04,2723.0
2026-04-05,2925.0
2026-04-06,9270.0
2026-04-07,5282.0
2026-04-08,6592.0
2026-04-09,4146.0
2026-04-10,1927.0
2026-04-11,3230.0
2026-04-12,4026.0
2026-04-13,4689.0
2026-04-14,1016.0
